{
  "lr": 0.0027294360199865346,
  "weight_decay": 0.00045042834710787066,
  "dropout": 0.298834157444341,
  "batch_size": 16
}
