{
  "lr": 0.0028910776171242156,
  "weight_decay": 4.1922804586557674e-05,
  "dropout": 0.26609119971354944,
  "batch_size": 16,
  "_tuned_at": "2026-02-20T12:38:52+00:00",
  "_samples": 593,
  "_model_params": 60225
}
