{
  "lr": 0.0013659919946875374,
  "weight_decay": 5.4255409939696875e-05,
  "dropout": 0.17006183901061567,
  "batch_size": 16,
  "scheduler": "onecycle"
}
